USE SGHotel;

insert into TYPERATE (TypeRateid, Typeid, price, DateStart, DateLast) values (1, 7, 138, '2016-02-02 10:12:50', '2016-08-12 02:40:26');
insert into TYPERATE (TypeRateid, Typeid, price, DateStart, DateLast) values (2, 4, 195, '2016-01-29 00:52:47', '2016-11-09 02:21:03');
insert into TYPERATE (TypeRateid, Typeid, price, DateStart, DateLast) values (3, 2, 466, '2016-04-21 10:44:52', '2016-11-06 18:57:26');
insert into TYPERATE (TypeRateid, Typeid, price, DateStart, DateLast) values (4, 2, 181, '2016-02-23 13:37:58', '2016-10-07 05:27:44');
insert into TYPERATE (TypeRateid, Typeid, price, DateStart, DateLast) values (5, 4, 132, '2016-03-18 00:09:55', '2016-10-18 15:45:36');
insert into TYPERATE (TypeRateid, Typeid, price, DateStart, DateLast) values (6, 5, 112, '2016-03-01 01:15:58', '2016-10-12 01:31:15');
insert into TYPERATE (TypeRateid, Typeid, price, DateStart, DateLast) values (7, 4, 433, '2016-07-02 18:54:27', '2016-09-01 12:44:55');
insert into TYPERATE (TypeRateid, Typeid, price, DateStart, DateLast) values (8, 3, 475, '2016-06-30 14:21:17', '2016-11-11 06:20:42');
insert into TYPERATE (TypeRateid, Typeid, price, DateStart, DateLast) values (9, 2, 123, '2016-03-06 06:43:36', '2016-11-14 03:24:08');
insert into TYPERATE (TypeRateid, Typeid, price, DateStart, DateLast) values (10, 3, 292, '2016-02-12 06:31:21', '2016-09-22 20:53:54');
insert into TYPERATE (TypeRateid, Typeid, price, DateStart, DateLast) values (11, 3, 290, '2016-04-09 15:33:57', '2016-11-16 15:19:31');
insert into TYPERATE (TypeRateid, Typeid, price, DateStart, DateLast) values (12, 4, 489, '2016-02-26 15:52:28', '2016-12-09 12:22:17');
insert into TYPERATE (TypeRateid, Typeid, price, DateStart, DateLast) values (13, 8, 354, '2016-04-25 15:57:31', '2016-11-24 14:37:50');
insert into TYPERATE (TypeRateid, Typeid, price, DateStart, DateLast) values (14, 5, 211, '2016-02-01 03:04:07', '2016-09-25 22:43:31');
insert into TYPERATE (TypeRateid, Typeid, price, DateStart, DateLast) values (15, 4, 465, '2016-07-08 13:45:55', '2016-08-15 20:20:42');
insert into TYPERATE (TypeRateid, Typeid, price, DateStart, DateLast) values (16, 6, 301, '2016-03-01 09:29:01', '2016-12-29 11:16:26');
insert into TYPERATE (TypeRateid, Typeid, price, DateStart, DateLast) values (17, 7, 320, '2016-01-30 06:34:25', '2016-10-25 10:43:09');
insert into TYPERATE (TypeRateid, Typeid, price, DateStart, DateLast) values (18, 2, 320, '2016-04-07 21:54:56', '2016-11-08 05:11:18');
insert into TYPERATE (TypeRateid, Typeid, price, DateStart, DateLast) values (19, 3, 242, '2016-06-13 06:23:54', '2016-12-27 01:33:48');
insert into TYPERATE (TypeRateid, Typeid, price, DateStart, DateLast) values (20, 3, 229, '2016-01-30 10:22:52', '2016-12-17 05:45:08');
insert into TYPERATE (TypeRateid, Typeid, price, DateStart, DateLast) values (21, 1, 494, '2016-05-26 14:35:25', '2016-11-29 09:31:20');
insert into TYPERATE (TypeRateid, Typeid, price, DateStart, DateLast) values (22, 5, 388, '2016-02-27 06:01:21', '2016-11-02 11:51:03');
insert into TYPERATE (TypeRateid, Typeid, price, DateStart, DateLast) values (23, 1, 420, '2016-04-20 07:12:12', '2016-08-13 17:49:02');
insert into TYPERATE (TypeRateid, Typeid, price, DateStart, DateLast) values (24, 6, 344, '2016-06-09 18:00:30', '2016-08-28 13:38:42');
insert into TYPERATE (TypeRateid, Typeid, price, DateStart, DateLast) values (25, 8, 204, '2016-03-28 01:23:14', '2016-08-18 02:29:24');
insert into TYPERATE (TypeRateid, Typeid, price, DateStart, DateLast) values (26, 7, 252, '2016-04-24 19:22:58', '2016-11-24 04:45:17');
insert into TYPERATE (TypeRateid, Typeid, price, DateStart, DateLast) values (27, 8, 116, '2016-05-24 03:38:49', '2016-08-17 03:13:40');
insert into TYPERATE (TypeRateid, Typeid, price, DateStart, DateLast) values (28, 4, 416, '2016-02-24 03:08:10', '2016-08-30 12:39:14');
insert into TYPERATE (TypeRateid, Typeid, price, DateStart, DateLast) values (29, 5, 218, '2016-03-04 05:24:01', '2016-08-13 02:22:45');
insert into TYPERATE (TypeRateid, Typeid, price, DateStart, DateLast) values (30, 2, 464, '2016-03-05 01:17:30', '2016-09-14 22:40:49');
insert into TYPERATE (TypeRateid, Typeid, price, DateStart, DateLast) values (31, 5, 123, '2016-06-14 00:43:06', '2016-09-22 13:18:14');
insert into TYPERATE (TypeRateid, Typeid, price, DateStart, DateLast) values (32, 5, 257, '2016-02-24 15:05:18', '2016-12-02 18:29:19');
insert into TYPERATE (TypeRateid, Typeid, price, DateStart, DateLast) values (33, 6, 408, '2016-06-12 07:35:12', '2016-09-18 07:35:54');
insert into TYPERATE (TypeRateid, Typeid, price, DateStart, DateLast) values (34, 3, 149, '2016-06-07 23:20:51', '2016-12-21 13:55:42');
insert into TYPERATE (TypeRateid, Typeid, price, DateStart, DateLast) values (35, 8, 397, '2016-05-04 10:45:50', '2016-11-14 03:55:14');
insert into TYPERATE (TypeRateid, Typeid, price, DateStart, DateLast) values (36, 3, 386, '2016-04-21 20:04:57', '2016-10-01 22:28:32');
insert into TYPERATE (TypeRateid, Typeid, price, DateStart, DateLast) values (37, 7, 259, '2016-03-01 14:23:16', '2016-08-14 10:50:48');
insert into TYPERATE (TypeRateid, Typeid, price, DateStart, DateLast) values (38, 5, 443, '2016-03-11 03:18:46', '2016-08-04 10:51:04');
insert into TYPERATE (TypeRateid, Typeid, price, DateStart, DateLast) values (39, 2, 216, '2016-03-21 13:12:48', '2016-08-14 10:13:15');
insert into TYPERATE (TypeRateid, Typeid, price, DateStart, DateLast) values (40, 3, 316, '2016-06-11 14:11:46', '2016-09-11 14:47:24');
insert into TYPERATE (TypeRateid, Typeid, price, DateStart, DateLast) values (41, 3, 454, '2016-03-23 00:32:10', '2016-09-16 23:36:16');
insert into TYPERATE (TypeRateid, Typeid, price, DateStart, DateLast) values (42, 2, 363, '2016-03-24 18:56:58', '2016-07-30 18:05:13');
insert into TYPERATE (TypeRateid, Typeid, price, DateStart, DateLast) values (43, 3, 151, '2016-03-03 09:34:20', '2016-08-15 04:39:11');
insert into TYPERATE (TypeRateid, Typeid, price, DateStart, DateLast) values (44, 4, 301, '2016-06-06 06:27:27', '2016-11-27 18:54:07');
insert into TYPERATE (TypeRateid, Typeid, price, DateStart, DateLast) values (45, 7, 359, '2016-05-03 21:03:07', '2016-10-10 16:07:13');
insert into TYPERATE (TypeRateid, Typeid, price, DateStart, DateLast) values (46, 5, 436, '2016-02-21 09:17:32', '2016-07-28 21:27:26');
insert into TYPERATE (TypeRateid, Typeid, price, DateStart, DateLast) values (47, 3, 145, '2016-05-29 20:10:28', '2016-11-21 13:41:10');
insert into TYPERATE (TypeRateid, Typeid, price, DateStart, DateLast) values (48, 5, 364, '2016-06-28 06:27:32', '2016-10-20 14:37:48');
insert into TYPERATE (TypeRateid, Typeid, price, DateStart, DateLast) values (49, 8, 165, '2016-02-19 23:58:57', '2016-08-08 06:45:02');
insert into TYPERATE (TypeRateid, Typeid, price, DateStart, DateLast) values (50, 8, 232, '2016-01-25 13:24:45', '2016-07-30 12:53:55');
insert into TYPERATE (TypeRateid, Typeid, price, DateStart, DateLast) values (51, 7, 296, '2016-01-22 09:30:44', '2016-08-10 23:54:51');
insert into TYPERATE (TypeRateid, Typeid, price, DateStart, DateLast) values (52, 7, 174, '2016-05-12 12:13:31', '2016-11-16 22:41:31');
insert into TYPERATE (TypeRateid, Typeid, price, DateStart, DateLast) values (53, 1, 326, '2016-07-07 13:20:52', '2016-09-13 11:07:09');
insert into TYPERATE (TypeRateid, Typeid, price, DateStart, DateLast) values (54, 8, 436, '2016-03-24 15:28:58', '2016-09-30 20:37:15');
insert into TYPERATE (TypeRateid, Typeid, price, DateStart, DateLast) values (55, 1, 384, '2016-03-20 12:35:04', '2016-11-17 11:11:17');
insert into TYPERATE (TypeRateid, Typeid, price, DateStart, DateLast) values (56, 5, 195, '2016-04-20 01:47:36', '2016-08-23 10:32:49');
insert into TYPERATE (TypeRateid, Typeid, price, DateStart, DateLast) values (57, 5, 99, '2016-06-08 20:16:42', '2016-09-20 02:35:16');
insert into TYPERATE (TypeRateid, Typeid, price, DateStart, DateLast) values (58, 4, 400, '2016-04-14 16:04:17', '2016-12-29 06:01:36');
insert into TYPERATE (TypeRateid, Typeid, price, DateStart, DateLast) values (59, 2, 210, '2016-02-17 03:49:50', '2016-09-20 03:31:36');
insert into TYPERATE (TypeRateid, Typeid, price, DateStart, DateLast) values (60, 4, 239, '2016-07-19 04:20:15', '2016-07-26 00:43:19');
insert into TYPERATE (TypeRateid, Typeid, price, DateStart, DateLast) values (61, 1, 167, '2016-03-24 07:57:50', '2016-07-23 06:09:55');
insert into TYPERATE (TypeRateid, Typeid, price, DateStart, DateLast) values (62, 1, 278, '2016-05-10 06:39:14', '2016-11-02 08:28:01');
insert into TYPERATE (TypeRateid, Typeid, price, DateStart, DateLast) values (63, 6, 196, '2016-07-16 01:52:06', '2016-10-10 08:17:37');
insert into TYPERATE (TypeRateid, Typeid, price, DateStart, DateLast) values (64, 5, 451, '2016-03-20 01:22:21', '2016-10-03 11:07:22');
insert into TYPERATE (TypeRateid, Typeid, price, DateStart, DateLast) values (65, 4, 372, '2016-02-01 12:38:37', '2016-09-17 06:47:54');
insert into TYPERATE (TypeRateid, Typeid, price, DateStart, DateLast) values (66, 5, 220, '2016-06-22 17:36:06', '2016-11-11 17:38:27');
insert into TYPERATE (TypeRateid, Typeid, price, DateStart, DateLast) values (67, 3, 196, '2016-01-31 07:00:46', '2016-09-04 18:03:52');
insert into TYPERATE (TypeRateid, Typeid, price, DateStart, DateLast) values (68, 6, 378, '2016-05-05 10:26:28', '2016-08-14 15:53:00');
insert into TYPERATE (TypeRateid, Typeid, price, DateStart, DateLast) values (69, 7, 152, '2016-03-09 05:56:55', '2016-09-26 04:26:20');
insert into TYPERATE (TypeRateid, Typeid, price, DateStart, DateLast) values (70, 7, 379, '2016-07-01 19:08:51', '2016-09-02 13:45:19');
insert into TYPERATE (TypeRateid, Typeid, price, DateStart, DateLast) values (71, 8, 468, '2016-04-12 17:29:19', '2016-11-10 17:42:26');
insert into TYPERATE (TypeRateid, Typeid, price, DateStart, DateLast) values (72, 5, 186, '2016-05-19 13:09:19', '2016-07-25 17:20:59');
insert into TYPERATE (TypeRateid, Typeid, price, DateStart, DateLast) values (73, 6, 350, '2016-06-22 13:46:35', '2016-07-23 11:21:58');
insert into TYPERATE (TypeRateid, Typeid, price, DateStart, DateLast) values (74, 2, 179, '2016-07-03 21:06:15', '2016-11-26 14:04:44');
insert into TYPERATE (TypeRateid, Typeid, price, DateStart, DateLast) values (75, 5, 342, '2016-03-21 13:04:16', '2016-09-17 08:30:53');
insert into TYPERATE (TypeRateid, Typeid, price, DateStart, DateLast) values (76, 1, 323, '2016-06-21 14:58:27', '2016-11-07 23:02:50');
insert into TYPERATE (TypeRateid, Typeid, price, DateStart, DateLast) values (77, 1, 145, '2016-03-23 01:14:21', '2016-08-24 00:34:34');
insert into TYPERATE (TypeRateid, Typeid, price, DateStart, DateLast) values (78, 8, 353, '2016-02-13 23:26:17', '2016-12-19 00:54:27');
insert into TYPERATE (TypeRateid, Typeid, price, DateStart, DateLast) values (79, 8, 345, '2016-03-23 00:47:09', '2016-12-25 19:39:30');
insert into TYPERATE (TypeRateid, Typeid, price, DateStart, DateLast) values (80, 1, 259, '2016-01-23 18:49:47', '2016-10-20 22:36:13');


insert into AMENITIES (Amenityid, AmenityType, Price) values (1, 'lacus purus aliquet at', 97.9);
insert into AMENITIES (Amenityid, AmenityType, Price) values (2, 'ante', 4.82);
insert into AMENITIES (Amenityid, AmenityType, Price) values (3, 'odio elementum eu interdum', 1.04);
insert into AMENITIES (Amenityid, AmenityType, Price) values (4, 'etiam vel augue vestibulum', 62.92);
insert into AMENITIES (Amenityid, AmenityType, Price) values (5, 'mi integer ac', 46.37);
insert into AMENITIES (Amenityid, AmenityType, Price) values (6, 'odio odio elementum', 47.34);
insert into AMENITIES (Amenityid, AmenityType, Price) values (7, 'vitae nisi nam', 6.78);
insert into AMENITIES (Amenityid, AmenityType, Price) values (8, 'vel sem sed', 80.69);
insert into AMENITIES (Amenityid, AmenityType, Price) values (9, 'posuere felis sed lacus', 62.81);
insert into AMENITIES (Amenityid, AmenityType, Price) values (10, 'in hac', 20.63);
insert into AMENITIES (Amenityid, AmenityType, Price) values (11, 'etiam pretium iaculis justo', 32.98);
insert into AMENITIES (Amenityid, AmenityType, Price) values (12, 'est et tempus', 95.74);
insert into AMENITIES (Amenityid, AmenityType, Price) values (13, 'ac tellus semper interdum', 16.28);
insert into AMENITIES (Amenityid, AmenityType, Price) values (14, 'hendrerit at vulputate vitae', 54.19);
insert into AMENITIES (Amenityid, AmenityType, Price) values (15, 'viverra pede', 93.94);
insert into AMENITIES (Amenityid, AmenityType, Price) values (16, 'felis sed', 80.86);
insert into AMENITIES (Amenityid, AmenityType, Price) values (17, 'pretium nisl ut volutpat', 71.97);
insert into AMENITIES (Amenityid, AmenityType, Price) values (18, 'vel', 26.75);
insert into AMENITIES (Amenityid, AmenityType, Price) values (19, 'posuere felis', 46.71);
insert into AMENITIES (Amenityid, AmenityType, Price) values (20, 'morbi a ipsum integer', 51.9);
insert into AMENITIES (Amenityid, AmenityType, Price) values (21, 'et magnis dis', 45.41);
insert into AMENITIES (Amenityid, AmenityType, Price) values (22, 'platea', 2.83);
insert into AMENITIES (Amenityid, AmenityType, Price) values (23, 'at', 77.87);
insert into AMENITIES (Amenityid, AmenityType, Price) values (24, 'varius integer', 19.6);
insert into AMENITIES (Amenityid, AmenityType, Price) values (25, 'id sapien', 91.13);
insert into AMENITIES (Amenityid, AmenityType, Price) values (26, 'in', 73.11);
insert into AMENITIES (Amenityid, AmenityType, Price) values (27, 'sed vel', 20.81);
insert into AMENITIES (Amenityid, AmenityType, Price) values (28, 'vel dapibus at diam', 45.29);
insert into AMENITIES (Amenityid, AmenityType, Price) values (29, 'elementum nullam varius nulla', 4.36);
insert into AMENITIES (Amenityid, AmenityType, Price) values (30, 'dui', 21.67);
insert into AMENITIES (Amenityid, AmenityType, Price) values (31, 'viverra diam vitae', 53.31);
insert into AMENITIES (Amenityid, AmenityType, Price) values (32, 'sit amet diam', 26.56);
insert into AMENITIES (Amenityid, AmenityType, Price) values (33, 'semper interdum mauris ullamcorper', 73.48);
insert into AMENITIES (Amenityid, AmenityType, Price) values (34, 'duis consequat', 31.96);
insert into AMENITIES (Amenityid, AmenityType, Price) values (35, 'elementum', 94.06);
insert into AMENITIES (Amenityid, AmenityType, Price) values (36, 'quisque arcu libero', 90.34);
insert into AMENITIES (Amenityid, AmenityType, Price) values (37, 'convallis', 6.92);
insert into AMENITIES (Amenityid, AmenityType, Price) values (38, 'dolor sit', 3.08);
insert into AMENITIES (Amenityid, AmenityType, Price) values (39, 'vivamus vestibulum', 20.0);
insert into AMENITIES (Amenityid, AmenityType, Price) values (40, 'convallis', 64.05);
insert into AMENITIES (Amenityid, AmenityType, Price) values (41, 'ante', 43.6);
insert into AMENITIES (Amenityid, AmenityType, Price) values (42, 'parturient montes nascetur', 35.8);
insert into AMENITIES (Amenityid, AmenityType, Price) values (43, 'mauris', 92.51);
insert into AMENITIES (Amenityid, AmenityType, Price) values (44, 'vestibulum', 39.84);
insert into AMENITIES (Amenityid, AmenityType, Price) values (45, 'id', 30.49);
insert into AMENITIES (Amenityid, AmenityType, Price) values (46, 'eu felis fusce posuere', 2.32);
insert into AMENITIES (Amenityid, AmenityType, Price) values (47, 'erat', 74.16);
insert into AMENITIES (Amenityid, AmenityType, Price) values (48, 'ornare consequat lectus in', 71.93);
insert into AMENITIES (Amenityid, AmenityType, Price) values (49, 'gravida sem praesent', 75.61);
insert into AMENITIES (Amenityid, AmenityType, Price) values (50, 'tortor risus', 35.66);
insert into AMENITIES (Amenityid, AmenityType, Price) values (51, 'pede morbi', 56.0);
insert into AMENITIES (Amenityid, AmenityType, Price) values (52, 'proin interdum mauris', 40.34);
insert into AMENITIES (Amenityid, AmenityType, Price) values (53, 'pede', 54.87);
insert into AMENITIES (Amenityid, AmenityType, Price) values (54, 'eget', 5.27);
insert into AMENITIES (Amenityid, AmenityType, Price) values (55, 'massa id nisl venenatis', 76.54);
insert into AMENITIES (Amenityid, AmenityType, Price) values (56, 'rutrum nulla nunc', 55.88);
insert into AMENITIES (Amenityid, AmenityType, Price) values (57, 'blandit non', 5.93);
insert into AMENITIES (Amenityid, AmenityType, Price) values (58, 'cras pellentesque volutpat dui', 88.64);
insert into AMENITIES (Amenityid, AmenityType, Price) values (59, 'at', 82.98);
insert into AMENITIES (Amenityid, AmenityType, Price) values (60, 'justo', 50.46);
insert into AMENITIES (Amenityid, AmenityType, Price) values (61, 'ac', 66.7);
insert into AMENITIES (Amenityid, AmenityType, Price) values (62, 'eget', 38.16);
insert into AMENITIES (Amenityid, AmenityType, Price) values (63, 'pretium iaculis', 63.89);
insert into AMENITIES (Amenityid, AmenityType, Price) values (64, 'in magna bibendum', 22.8);
insert into AMENITIES (Amenityid, AmenityType, Price) values (65, 'sagittis', 66.77);
insert into AMENITIES (Amenityid, AmenityType, Price) values (66, 'ac', 10.96);
insert into AMENITIES (Amenityid, AmenityType, Price) values (67, 'eros suspendisse accumsan', 22.19);
insert into AMENITIES (Amenityid, AmenityType, Price) values (68, 'blandit lacinia erat', 79.15);
insert into AMENITIES (Amenityid, AmenityType, Price) values (69, 'eget', 12.48);
insert into AMENITIES (Amenityid, AmenityType, Price) values (70, 'vestibulum vestibulum ante ipsum', 25.66);
insert into AMENITIES (Amenityid, AmenityType, Price) values (71, 'mauris', 96.15);
insert into AMENITIES (Amenityid, AmenityType, Price) values (72, 'ultrices', 90.26);
insert into AMENITIES (Amenityid, AmenityType, Price) values (73, 'tellus semper', 90.73);
insert into AMENITIES (Amenityid, AmenityType, Price) values (74, 'pellentesque at nulla', 5.33);
insert into AMENITIES (Amenityid, AmenityType, Price) values (75, 'mi', 3.54);
insert into AMENITIES (Amenityid, AmenityType, Price) values (76, 'id nisl', 24.88);
insert into AMENITIES (Amenityid, AmenityType, Price) values (77, 'luctus rutrum nulla tellus', 43.94);
insert into AMENITIES (Amenityid, AmenityType, Price) values (78, 'purus eu magna', 42.4);
insert into AMENITIES (Amenityid, AmenityType, Price) values (79, 'odio elementum eu', 28.02);
insert into AMENITIES (Amenityid, AmenityType, Price) values (80, 'eu massa donec dapibus', 65.31);


insert into ROOMSAMENITIES (RoomsAmenitiesid, Roomid, Amenityid) values (1, 14, 63);
insert into ROOMSAMENITIES (RoomsAmenitiesid, Roomid, Amenityid) values (2, 9, 10);
insert into ROOMSAMENITIES (RoomsAmenitiesid, Roomid, Amenityid) values (3, 65, 16);
insert into ROOMSAMENITIES (RoomsAmenitiesid, Roomid, Amenityid) values (4, 66, 47);
insert into ROOMSAMENITIES (RoomsAmenitiesid, Roomid, Amenityid) values (5, 25, 67);
insert into ROOMSAMENITIES (RoomsAmenitiesid, Roomid, Amenityid) values (6, 15, 66);
insert into ROOMSAMENITIES (RoomsAmenitiesid, Roomid, Amenityid) values (7, 3, 64);
insert into ROOMSAMENITIES (RoomsAmenitiesid, Roomid, Amenityid) values (8, 41, 69);
insert into ROOMSAMENITIES (RoomsAmenitiesid, Roomid, Amenityid) values (9, 4, 51);
insert into ROOMSAMENITIES (RoomsAmenitiesid, Roomid, Amenityid) values (10, 47, 58);
insert into ROOMSAMENITIES (RoomsAmenitiesid, Roomid, Amenityid) values (11, 1, 15);
insert into ROOMSAMENITIES (RoomsAmenitiesid, Roomid, Amenityid) values (12, 46, 25);
insert into ROOMSAMENITIES (RoomsAmenitiesid, Roomid, Amenityid) values (13, 65, 61);
insert into ROOMSAMENITIES (RoomsAmenitiesid, Roomid, Amenityid) values (14, 53, 39);
insert into ROOMSAMENITIES (RoomsAmenitiesid, Roomid, Amenityid) values (15, 61, 70);
insert into ROOMSAMENITIES (RoomsAmenitiesid, Roomid, Amenityid) values (16, 67, 60);
insert into ROOMSAMENITIES (RoomsAmenitiesid, Roomid, Amenityid) values (17, 41, 64);
insert into ROOMSAMENITIES (RoomsAmenitiesid, Roomid, Amenityid) values (18, 36, 5);
insert into ROOMSAMENITIES (RoomsAmenitiesid, Roomid, Amenityid) values (19, 62, 27);
insert into ROOMSAMENITIES (RoomsAmenitiesid, Roomid, Amenityid) values (20, 42, 54);
insert into ROOMSAMENITIES (RoomsAmenitiesid, Roomid, Amenityid) values (21, 40, 55);
insert into ROOMSAMENITIES (RoomsAmenitiesid, Roomid, Amenityid) values (22, 55, 33);
insert into ROOMSAMENITIES (RoomsAmenitiesid, Roomid, Amenityid) values (23, 53, 4);
insert into ROOMSAMENITIES (RoomsAmenitiesid, Roomid, Amenityid) values (24, 27, 48);
insert into ROOMSAMENITIES (RoomsAmenitiesid, Roomid, Amenityid) values (25, 59, 16);
insert into ROOMSAMENITIES (RoomsAmenitiesid, Roomid, Amenityid) values (26, 57, 66);
insert into ROOMSAMENITIES (RoomsAmenitiesid, Roomid, Amenityid) values (27, 2, 51);
insert into ROOMSAMENITIES (RoomsAmenitiesid, Roomid, Amenityid) values (28, 49, 63);
insert into ROOMSAMENITIES (RoomsAmenitiesid, Roomid, Amenityid) values (29, 23, 54);
insert into ROOMSAMENITIES (RoomsAmenitiesid, Roomid, Amenityid) values (30, 1, 56);
insert into ROOMSAMENITIES (RoomsAmenitiesid, Roomid, Amenityid) values (31, 66, 74);
insert into ROOMSAMENITIES (RoomsAmenitiesid, Roomid, Amenityid) values (32, 46, 53);
insert into ROOMSAMENITIES (RoomsAmenitiesid, Roomid, Amenityid) values (33, 66, 70);
insert into ROOMSAMENITIES (RoomsAmenitiesid, Roomid, Amenityid) values (34, 71, 15);
insert into ROOMSAMENITIES (RoomsAmenitiesid, Roomid, Amenityid) values (35, 6, 31);
insert into ROOMSAMENITIES (RoomsAmenitiesid, Roomid, Amenityid) values (36, 20, 59);
insert into ROOMSAMENITIES (RoomsAmenitiesid, Roomid, Amenityid) values (37, 72, 34);
insert into ROOMSAMENITIES (RoomsAmenitiesid, Roomid, Amenityid) values (38, 5, 8);
insert into ROOMSAMENITIES (RoomsAmenitiesid, Roomid, Amenityid) values (39, 58, 41);
insert into ROOMSAMENITIES (RoomsAmenitiesid, Roomid, Amenityid) values (40, 78, 21);
insert into ROOMSAMENITIES (RoomsAmenitiesid, Roomid, Amenityid) values (41, 45, 75);
insert into ROOMSAMENITIES (RoomsAmenitiesid, Roomid, Amenityid) values (42, 53, 11);
insert into ROOMSAMENITIES (RoomsAmenitiesid, Roomid, Amenityid) values (43, 41, 66);
insert into ROOMSAMENITIES (RoomsAmenitiesid, Roomid, Amenityid) values (44, 4, 7);
insert into ROOMSAMENITIES (RoomsAmenitiesid, Roomid, Amenityid) values (45, 27, 9);
insert into ROOMSAMENITIES (RoomsAmenitiesid, Roomid, Amenityid) values (46, 73, 63);
insert into ROOMSAMENITIES (RoomsAmenitiesid, Roomid, Amenityid) values (47, 21, 56);
insert into ROOMSAMENITIES (RoomsAmenitiesid, Roomid, Amenityid) values (48, 75, 31);
insert into ROOMSAMENITIES (RoomsAmenitiesid, Roomid, Amenityid) values (49, 75, 31);
insert into ROOMSAMENITIES (RoomsAmenitiesid, Roomid, Amenityid) values (50, 39, 37);
insert into ROOMSAMENITIES (RoomsAmenitiesid, Roomid, Amenityid) values (51, 67, 23);
insert into ROOMSAMENITIES (RoomsAmenitiesid, Roomid, Amenityid) values (52, 56, 77);
insert into ROOMSAMENITIES (RoomsAmenitiesid, Roomid, Amenityid) values (53, 14, 47);
insert into ROOMSAMENITIES (RoomsAmenitiesid, Roomid, Amenityid) values (54, 7, 40);
insert into ROOMSAMENITIES (RoomsAmenitiesid, Roomid, Amenityid) values (55, 24, 20);
insert into ROOMSAMENITIES (RoomsAmenitiesid, Roomid, Amenityid) values (56, 31, 4);
insert into ROOMSAMENITIES (RoomsAmenitiesid, Roomid, Amenityid) values (57, 39, 12);
insert into ROOMSAMENITIES (RoomsAmenitiesid, Roomid, Amenityid) values (58, 7, 54);
insert into ROOMSAMENITIES (RoomsAmenitiesid, Roomid, Amenityid) values (59, 6, 10);
insert into ROOMSAMENITIES (RoomsAmenitiesid, Roomid, Amenityid) values (60, 32, 72);
insert into ROOMSAMENITIES (RoomsAmenitiesid, Roomid, Amenityid) values (61, 51, 36);
insert into ROOMSAMENITIES (RoomsAmenitiesid, Roomid, Amenityid) values (62, 5, 5);
insert into ROOMSAMENITIES (RoomsAmenitiesid, Roomid, Amenityid) values (63, 12, 29);
insert into ROOMSAMENITIES (RoomsAmenitiesid, Roomid, Amenityid) values (64, 77, 56);
insert into ROOMSAMENITIES (RoomsAmenitiesid, Roomid, Amenityid) values (65, 49, 71);
insert into ROOMSAMENITIES (RoomsAmenitiesid, Roomid, Amenityid) values (66, 29, 4);
insert into ROOMSAMENITIES (RoomsAmenitiesid, Roomid, Amenityid) values (67, 70, 53);
insert into ROOMSAMENITIES (RoomsAmenitiesid, Roomid, Amenityid) values (68, 36, 79);
insert into ROOMSAMENITIES (RoomsAmenitiesid, Roomid, Amenityid) values (69, 49, 76);
insert into ROOMSAMENITIES (RoomsAmenitiesid, Roomid, Amenityid) values (70, 75, 50);
insert into ROOMSAMENITIES (RoomsAmenitiesid, Roomid, Amenityid) values (71, 60, 21);
insert into ROOMSAMENITIES (RoomsAmenitiesid, Roomid, Amenityid) values (72, 67, 70);
insert into ROOMSAMENITIES (RoomsAmenitiesid, Roomid, Amenityid) values (73, 15, 38);
insert into ROOMSAMENITIES (RoomsAmenitiesid, Roomid, Amenityid) values (74, 80, 20);
insert into ROOMSAMENITIES (RoomsAmenitiesid, Roomid, Amenityid) values (75, 20, 43);
insert into ROOMSAMENITIES (RoomsAmenitiesid, Roomid, Amenityid) values (76, 19, 65);
insert into ROOMSAMENITIES (RoomsAmenitiesid, Roomid, Amenityid) values (77, 24, 1);
insert into ROOMSAMENITIES (RoomsAmenitiesid, Roomid, Amenityid) values (78, 32, 21);
insert into ROOMSAMENITIES (RoomsAmenitiesid, Roomid, Amenityid) values (79, 12, 70);
insert into ROOMSAMENITIES (RoomsAmenitiesid, Roomid, Amenityid) values (80, 50, 24);

insert into CUSTOMERS (Customerid, Phone, email) values (1, null, 'abroad0@netvibes.com');
insert into CUSTOMERS (Customerid, Phone, email) values (2, '547 288 8839', 'dgoudy1@hostgator.com');
insert into CUSTOMERS (Customerid, Phone, email) values (3, '730 648 8688', 'vdeedes2@yolasite.com');
insert into CUSTOMERS (Customerid, Phone, email) values (4, '229 677 2334', 'fleat3@pbs.org');
insert into CUSTOMERS (Customerid, Phone, email) values (5, '172 291 5361', 'emcchruiter4@phpbb.com');
insert into CUSTOMERS (Customerid, Phone, email) values (6, '913 509 9492', 'rfidilis5@globo.com');
insert into CUSTOMERS (Customerid, Phone, email) values (7, '356 157 4685', 'yparbrook6@boston.com');
insert into CUSTOMERS (Customerid, Phone, email) values (8, '414 428 4966', 'mmanifould7@friendfeed.com');
insert into CUSTOMERS (Customerid, Phone, email) values (9, '617 285 4360', 'koconnolly8@edublogs.org');
insert into CUSTOMERS (Customerid, Phone, email) values (10, '157 994 5458', null);
insert into CUSTOMERS (Customerid, Phone, email) values (11, '787 494 6934', 'oguesta@dot.gov');
insert into CUSTOMERS (Customerid, Phone, email) values (12, null, 'phaneyb@unesco.org');
insert into CUSTOMERS (Customerid, Phone, email) values (13, '388 372 8418', 'jaristidec@prweb.com');
insert into CUSTOMERS (Customerid, Phone, email) values (14, '583 438 7945', 'ikingswelld@qq.com');
insert into CUSTOMERS (Customerid, Phone, email) values (15, '789 649 1578', 'finnmane@nasa.gov');
insert into CUSTOMERS (Customerid, Phone, email) values (16, null, 'kguerrof@gov.uk');
insert into CUSTOMERS (Customerid, Phone, email) values (17, '185 744 3725', 'wcitrineg@dell.com');
insert into CUSTOMERS (Customerid, Phone, email) values (18, '698 418 1061', 'odymickh@meetup.com');
insert into CUSTOMERS (Customerid, Phone, email) values (19, '897 833 2769', 'mmcshiriei@list-manage.com');
insert into CUSTOMERS (Customerid, Phone, email) values (20, '497 198 3155', 'tgadsdonj@360.cn');
insert into CUSTOMERS (Customerid, Phone, email) values (21, '790 910 9093', 'wcusickk@nba.com');
insert into CUSTOMERS (Customerid, Phone, email) values (22, null, 'qbehrensl@miitbeian.gov.cn');
insert into CUSTOMERS (Customerid, Phone, email) values (23, '591 555 4277', 'emarienm@army.mil');
insert into CUSTOMERS (Customerid, Phone, email) values (24, '635 442 7409', 'mdickensonn@bigcartel.com');
insert into CUSTOMERS (Customerid, Phone, email) values (25, '653 785 4971', 'kbelsono@tumblr.com');
insert into CUSTOMERS (Customerid, Phone, email) values (26, '999 630 2930', 'torrittp@virginia.edu');
insert into CUSTOMERS (Customerid, Phone, email) values (27, '919 738 8771', 'svillarq@tuttocitta.it');
insert into CUSTOMERS (Customerid, Phone, email) values (28, '422 520 4582', 'sstandonr@nhs.uk');
insert into CUSTOMERS (Customerid, Phone, email) values (29, '860 321 0213', 'fscarsbricks@sfgate.com');
insert into CUSTOMERS (Customerid, Phone, email) values (30, '462 663 2407', 'spratet@mozilla.org');
insert into CUSTOMERS (Customerid, Phone, email) values (31, '719 204 6245', 'bsichardtu@webs.com');
insert into CUSTOMERS (Customerid, Phone, email) values (32, '988 452 4900', 'awoodyerv@google.nl');
insert into CUSTOMERS (Customerid, Phone, email) values (33, '181 254 4878', 'lcudmorew@multiply.com');
insert into CUSTOMERS (Customerid, Phone, email) values (34, null, 'kloanx@csmonitor.com');
insert into CUSTOMERS (Customerid, Phone, email) values (35, '359 707 7095', 'bnansony@ebay.co.uk');
insert into CUSTOMERS (Customerid, Phone, email) values (36, '414 407 2676', 'tcourtesz@tmall.com');
insert into CUSTOMERS (Customerid, Phone, email) values (37, '911 132 1415', 'mhadland10@cornell.edu');
insert into CUSTOMERS (Customerid, Phone, email) values (38, '318 473 2425', 'nhardes11@washingtonpost.com');
insert into CUSTOMERS (Customerid, Phone, email) values (39, '387 457 2716', 'ibassano12@smh.com.au');
insert into CUSTOMERS (Customerid, Phone, email) values (40, '331 551 4652', 'kmcbeath13@vk.com');
insert into CUSTOMERS (Customerid, Phone, email) values (41, '514 614 3285', 'jsaing14@mashable.com');
insert into CUSTOMERS (Customerid, Phone, email) values (42, '121 956 0831', 'sdobrowlski15@hc360.com');
insert into CUSTOMERS (Customerid, Phone, email) values (43, '698 534 3255', 'traynton16@mashable.com');
insert into CUSTOMERS (Customerid, Phone, email) values (44, '624 246 3572', 'phartnell17@simplemachines.org');
insert into CUSTOMERS (Customerid, Phone, email) values (45, '980 778 9618', 'mstratiff18@craigslist.org');
insert into CUSTOMERS (Customerid, Phone, email) values (46, '444 204 6184', 'amarco19@domainmarket.com');
insert into CUSTOMERS (Customerid, Phone, email) values (47, null, 'ddufaire1a@tinyurl.com');
insert into CUSTOMERS (Customerid, Phone, email) values (48, '912 613 0914', 'efishburn1b@theguardian.com');
insert into CUSTOMERS (Customerid, Phone, email) values (49, '563 159 5200', 'dmckechnie1c@bravesites.com');
insert into CUSTOMERS (Customerid, Phone, email) values (50, '243 763 3983', 'ubendel1d@canalblog.com');
insert into CUSTOMERS (Customerid, Phone, email) values (51, '594 565 3478', 'jbulger1e@yellowbook.com');
insert into CUSTOMERS (Customerid, Phone, email) values (52, '694 503 3730', 'knancekivell1f@unicef.org');
insert into CUSTOMERS (Customerid, Phone, email) values (53, '728 835 9979', 'pheeran1g@yale.edu');
insert into CUSTOMERS (Customerid, Phone, email) values (54, '201 219 5593', 'sashtonhurst1h@trellian.com');
insert into CUSTOMERS (Customerid, Phone, email) values (55, '438 452 9983', null);
insert into CUSTOMERS (Customerid, Phone, email) values (56, '884 864 8712', 'cleyband1j@naver.com');
insert into CUSTOMERS (Customerid, Phone, email) values (57, '207 910 1469', 'tshelmardine1k@businessinsider.com');
insert into CUSTOMERS (Customerid, Phone, email) values (58, '679 663 6837', 'mserotsky1l@nasa.gov');
insert into CUSTOMERS (Customerid, Phone, email) values (59, '633 807 2048', 'rosbourne1m@stanford.edu');
insert into CUSTOMERS (Customerid, Phone, email) values (60, '110 789 8956', 'aavann1n@clickbank.net');
insert into CUSTOMERS (Customerid, Phone, email) values (61, '483 763 6349', 'fphilliskirk1o@archive.org');
insert into CUSTOMERS (Customerid, Phone, email) values (62, '133 511 0101', 'dklimus1p@princeton.edu');
insert into CUSTOMERS (Customerid, Phone, email) values (63, '831 829 7485', null);
insert into CUSTOMERS (Customerid, Phone, email) values (64, '244 101 6284', 'cgarshore1r@go.com');
insert into CUSTOMERS (Customerid, Phone, email) values (65, '233 469 3950', 'lsindle1s@i2i.jp');
insert into CUSTOMERS (Customerid, Phone, email) values (66, '961 731 6552', 'mwaine1t@independent.co.uk');
insert into CUSTOMERS (Customerid, Phone, email) values (67, '758 518 8653', 'eever1u@delicious.com');
insert into CUSTOMERS (Customerid, Phone, email) values (68, '807 585 1772', 'efernez1v@dailymail.co.uk');
insert into CUSTOMERS (Customerid, Phone, email) values (69, null, 'chendonson1w@last.fm');
insert into CUSTOMERS (Customerid, Phone, email) values (70, '804 110 2418', 'tboddington1x@webnode.com');
insert into CUSTOMERS (Customerid, Phone, email) values (71, null, 'jprendergrass1y@auda.org.au');
insert into CUSTOMERS (Customerid, Phone, email) values (72, '189 686 7843', 'bduhig1z@jalbum.net');
insert into CUSTOMERS (Customerid, Phone, email) values (73, null, 'dbondley20@time.com');
insert into CUSTOMERS (Customerid, Phone, email) values (74, null, 'bpindar21@paypal.com');
insert into CUSTOMERS (Customerid, Phone, email) values (75, '854 659 1178', 'saspin22@buzzfeed.com');
insert into CUSTOMERS (Customerid, Phone, email) values (76, '993 362 5127', 'fmuldoon23@google.nl');
insert into CUSTOMERS (Customerid, Phone, email) values (77, '578 900 4694', 'scarney24@fc2.com');
insert into CUSTOMERS (Customerid, Phone, email) values (78, '393 825 3775', 'rstuckey25@biglobe.ne.jp');
insert into CUSTOMERS (Customerid, Phone, email) values (79, '289 945 6965', 'shanshawe26@sciencedirect.com');
insert into CUSTOMERS (Customerid, Phone, email) values (80, '573 498 0374', 'cbartali27@google.com.hk');


insert into GUESTS (Guestid, Name, DateOfBirth, Customerid) values (1, 'Sherlocke Leward', '1953-08-05 06:47:30', 25);
insert into GUESTS (Guestid, Name, DateOfBirth, Customerid) values (2, 'Stern Tessyman', '2009-12-21 07:46:06', 9);
insert into GUESTS (Guestid, Name, DateOfBirth, Customerid) values (3, 'Carolus Loughton', '2002-08-29 23:24:34', 38);
insert into GUESTS (Guestid, Name, DateOfBirth, Customerid) values (4, 'Richardo Burnitt', '1989-06-22 21:06:42', 11);
insert into GUESTS (Guestid, Name, DateOfBirth, Customerid) values (5, 'Inna Pirson', '2005-10-29 07:37:59', 22);
insert into GUESTS (Guestid, Name, DateOfBirth, Customerid) values (6, 'Else Balser', '1968-05-22 05:32:14', 72);
insert into GUESTS (Guestid, Name, DateOfBirth, Customerid) values (7, 'Gearalt Brech', '1957-01-21 12:15:53', 14);
insert into GUESTS (Guestid, Name, DateOfBirth, Customerid) values (8, 'Zachary Le Marquis', '1950-02-19 15:42:03', 65);
insert into GUESTS (Guestid, Name, DateOfBirth, Customerid) values (9, 'Estella Ormond', '1949-02-23 02:14:11', 35);
insert into GUESTS (Guestid, Name, DateOfBirth, Customerid) values (10, 'Leoline Luetchford', '2001-10-15 22:44:31', 4);
insert into GUESTS (Guestid, Name, DateOfBirth, Customerid) values (11, 'Arabela Tournay', '1993-05-28 19:58:18', 51);
insert into GUESTS (Guestid, Name, DateOfBirth, Customerid) values (12, 'Nike Grimsdike', '1989-01-09 07:13:06', 4);
insert into GUESTS (Guestid, Name, DateOfBirth, Customerid) values (13, 'Fonzie Runacres', '2009-04-01 12:03:24', 75);
insert into GUESTS (Guestid, Name, DateOfBirth, Customerid) values (14, 'Langston Hudless', '1995-02-01 15:30:03', 58);
insert into GUESTS (Guestid, Name, DateOfBirth, Customerid) values (15, 'Daryn Triplow', '1948-06-29 16:48:00', 23);
insert into GUESTS (Guestid, Name, DateOfBirth, Customerid) values (16, 'Pearle Georgievski', '1957-10-16 23:12:57', 16);
insert into GUESTS (Guestid, Name, DateOfBirth, Customerid) values (17, 'Winnah Pagelsen', '1961-05-01 23:07:51', 45);
insert into GUESTS (Guestid, Name, DateOfBirth, Customerid) values (18, 'Locke Alexis', '1953-10-18 19:13:57', 36);
insert into GUESTS (Guestid, Name, DateOfBirth, Customerid) values (19, 'Delmar Feeham', '1949-06-20 13:42:56', 77);
insert into GUESTS (Guestid, Name, DateOfBirth, Customerid) values (20, null, '1945-04-19 21:04:01', 7);
insert into GUESTS (Guestid, Name, DateOfBirth, Customerid) values (21, 'Barny Gurney', '2001-03-12 06:14:33', 37);
insert into GUESTS (Guestid, Name, DateOfBirth, Customerid) values (22, 'Efrem Fernehough', '1965-07-05 12:48:35', 12);
insert into GUESTS (Guestid, Name, DateOfBirth, Customerid) values (23, 'Archibold Broscombe', '1995-08-28 19:51:22', 49);
insert into GUESTS (Guestid, Name, DateOfBirth, Customerid) values (24, 'Kaylyn Ridewood', '1978-04-10 19:27:26', 34);
insert into GUESTS (Guestid, Name, DateOfBirth, Customerid) values (25, 'Kean Giraudoux', '2000-01-15 20:42:00', 46);
insert into GUESTS (Guestid, Name, DateOfBirth, Customerid) values (26, 'Cacilia Geldert', '1960-02-14 09:44:22', 32);
insert into GUESTS (Guestid, Name, DateOfBirth, Customerid) values (27, 'Ophelie Birtchnell', '2009-04-07 04:51:41', 64);
insert into GUESTS (Guestid, Name, DateOfBirth, Customerid) values (28, 'Davidson Derbyshire', '1985-07-11 15:55:27', 38);
insert into GUESTS (Guestid, Name, DateOfBirth, Customerid) values (29, 'Rossy Michael', '1963-11-13 18:27:56', 15);
insert into GUESTS (Guestid, Name, DateOfBirth, Customerid) values (30, 'Chelsey Drescher', '1967-09-11 04:51:42', 32);
insert into GUESTS (Guestid, Name, DateOfBirth, Customerid) values (31, 'Jerrome Tippell', '1968-05-19 04:36:50', 80);
insert into GUESTS (Guestid, Name, DateOfBirth, Customerid) values (32, 'Vassily Cassin', '1984-08-16 15:07:22', 51);
insert into GUESTS (Guestid, Name, DateOfBirth, Customerid) values (33, 'Gianna Laxston', '1976-04-25 11:17:58', 61);
insert into GUESTS (Guestid, Name, DateOfBirth, Customerid) values (34, 'Tibold Colls', '1956-09-02 22:18:21', 26);
insert into GUESTS (Guestid, Name, DateOfBirth, Customerid) values (35, 'Bailie Jermyn', '1960-06-02 03:29:31', 64);
insert into GUESTS (Guestid, Name, DateOfBirth, Customerid) values (36, 'Blake Francesch', '1966-09-07 13:03:23', 19);
insert into GUESTS (Guestid, Name, DateOfBirth, Customerid) values (37, 'Floris Sarver', '1971-11-30 11:15:17', 34);
insert into GUESTS (Guestid, Name, DateOfBirth, Customerid) values (38, 'Artus Ranken', '1993-04-15 04:13:12', 59);
insert into GUESTS (Guestid, Name, DateOfBirth, Customerid) values (39, 'Rhiamon Brokenbrow', '1982-08-18 07:40:46', 52);
insert into GUESTS (Guestid, Name, DateOfBirth, Customerid) values (40, 'Grethel Beincken', '1961-05-23 00:14:12', 52);
insert into GUESTS (Guestid, Name, DateOfBirth, Customerid) values (41, 'Lonnard Fawdrey', '1994-12-08 21:21:39', 21);
insert into GUESTS (Guestid, Name, DateOfBirth, Customerid) values (42, 'Alonso Raeside', '1992-01-13 16:23:36', 45);
insert into GUESTS (Guestid, Name, DateOfBirth, Customerid) values (43, 'Kelcy Thickin', '1988-07-05 18:11:58', 20);
insert into GUESTS (Guestid, Name, DateOfBirth, Customerid) values (44, 'Meggie Birdwhistell', '1994-02-22 07:47:09', 35);
insert into GUESTS (Guestid, Name, DateOfBirth, Customerid) values (45, 'Olivette Brumbie', '1996-03-19 00:13:00', 9);
insert into GUESTS (Guestid, Name, DateOfBirth, Customerid) values (46, 'Zia Le Grand', '1965-05-14 21:42:07', 62);
insert into GUESTS (Guestid, Name, DateOfBirth, Customerid) values (47, 'Cloe Goodyear', '1976-09-13 18:45:47', 37);
insert into GUESTS (Guestid, Name, DateOfBirth, Customerid) values (48, 'Tera Haslock(e)', '1963-10-12 00:02:19', 79);
insert into GUESTS (Guestid, Name, DateOfBirth, Customerid) values (49, 'Cornelius Keays', null, null);
insert into GUESTS (Guestid, Name, DateOfBirth, Customerid) values (50, 'Salomone Partkya', '2006-11-04 10:08:37', 8);
insert into GUESTS (Guestid, Name, DateOfBirth, Customerid) values (51, 'Lilian Norfolk', '1998-07-11 08:10:18', 23);
insert into GUESTS (Guestid, Name, DateOfBirth, Customerid) values (52, 'Melisent Thwaites', '2004-03-14 00:35:54', 12);
insert into GUESTS (Guestid, Name, DateOfBirth, Customerid) values (53, 'Lindsay Paulino', '2007-03-02 04:58:28', 44);
insert into GUESTS (Guestid, Name, DateOfBirth, Customerid) values (54, 'Stewart Duggary', '1954-08-08 05:23:44', 57);
insert into GUESTS (Guestid, Name, DateOfBirth, Customerid) values (55, 'Susi Lesor', '1954-01-29 23:51:55', 29);
insert into GUESTS (Guestid, Name, DateOfBirth, Customerid) values (56, 'Ennis Feighney', '2006-08-13 02:57:24', 62);
insert into GUESTS (Guestid, Name, DateOfBirth, Customerid) values (57, 'Cammie Caldaro', '1977-02-23 12:25:49', 67);
insert into GUESTS (Guestid, Name, DateOfBirth, Customerid) values (58, 'Kara Curro', '1981-02-17 01:58:56', 30);
insert into GUESTS (Guestid, Name, DateOfBirth, Customerid) values (59, 'Mona Fretson', '1949-09-04 04:35:36', 5);
insert into GUESTS (Guestid, Name, DateOfBirth, Customerid) values (60, 'Orson Dolton', '1954-06-05 13:29:06', 4);
insert into GUESTS (Guestid, Name, DateOfBirth, Customerid) values (61, 'Marrissa Marginson', '1959-06-15 22:26:14', 19);
insert into GUESTS (Guestid, Name, DateOfBirth, Customerid) values (62, 'Andromache Mueller', '1990-05-09 08:43:37', 29);
insert into GUESTS (Guestid, Name, DateOfBirth, Customerid) values (63, 'Hynda Enderson', '1982-02-16 13:17:14', 5);
insert into GUESTS (Guestid, Name, DateOfBirth, Customerid) values (64, 'Reba Micheu', '2007-11-07 07:10:56', 41);
insert into GUESTS (Guestid, Name, DateOfBirth, Customerid) values (65, 'Lucille Keslake', '1953-03-10 04:51:06', 11);
insert into GUESTS (Guestid, Name, DateOfBirth, Customerid) values (66, 'Irene Ludlom', '1978-10-13 09:43:36', 77);
insert into GUESTS (Guestid, Name, DateOfBirth, Customerid) values (67, 'Garfield Brunt', '1956-06-28 19:18:57', 73);
insert into GUESTS (Guestid, Name, DateOfBirth, Customerid) values (68, 'Andee Surcomb', '1998-08-22 21:29:23', 75);
insert into GUESTS (Guestid, Name, DateOfBirth, Customerid) values (69, 'Gavra Mallebone', '1994-10-08 12:04:01', 10);
insert into GUESTS (Guestid, Name, DateOfBirth, Customerid) values (70, 'Tove De Bruijn', '1992-07-04 00:04:43', 38);
insert into GUESTS (Guestid, Name, DateOfBirth, Customerid) values (71, 'Rollo Bigland', null, null);
insert into GUESTS (Guestid, Name, DateOfBirth, Customerid) values (72, null, '1969-02-03 22:16:04', 40);
insert into GUESTS (Guestid, Name, DateOfBirth, Customerid) values (73, 'Ezri Challener', '2006-10-07 11:34:38', 32);
insert into GUESTS (Guestid, Name, DateOfBirth, Customerid) values (74, 'Joanna Hamly', '1989-10-27 06:28:47', 20);
insert into GUESTS (Guestid, Name, DateOfBirth, Customerid) values (75, 'Griz Benitez', '1954-04-06 00:59:42', 44);
insert into GUESTS (Guestid, Name, DateOfBirth, Customerid) values (76, 'Sayre Spinige', '1961-08-10 19:15:02', 64);
insert into GUESTS (Guestid, Name, DateOfBirth, Customerid) values (77, 'Alastair Ismay', '1960-09-27 02:15:34', 24);
insert into GUESTS (Guestid, Name, DateOfBirth, Customerid) values (78, 'Buddy Sidsaff', '1947-11-06 04:21:59', 10);
insert into GUESTS (Guestid, Name, DateOfBirth, Customerid) values (79, 'Reinaldos Bea', '1993-11-03 10:07:25', 3);
insert into GUESTS (Guestid, Name, DateOfBirth, Customerid) values (80, 'Cozmo Nyssen', '2008-10-15 14:54:31', 66);


insert into GUESTRES (Guestid, Resid) values (60, 73);
insert into GUESTRES (Guestid, Resid) values (37, 1);
insert into GUESTRES (Guestid, Resid) values (50, 70);
insert into GUESTRES (Guestid, Resid) values (5, 29);
insert into GUESTRES (Guestid, Resid) values (2, 17);
insert into GUESTRES (Guestid, Resid) values (4, 73);
insert into GUESTRES (Guestid, Resid) values (71, 34);
insert into GUESTRES (Guestid, Resid) values (73, 77);
insert into GUESTRES (Guestid, Resid) values (45, 65);
insert into GUESTRES (Guestid, Resid) values (6, 44);
insert into GUESTRES (Guestid, Resid) values (17, 78);
insert into GUESTRES (Guestid, Resid) values (47, 48);
insert into GUESTRES (Guestid, Resid) values (16, 9);
insert into GUESTRES (Guestid, Resid) values (71, 51);
insert into GUESTRES (Guestid, Resid) values (78, 6);
insert into GUESTRES (Guestid, Resid) values (72, 58);
insert into GUESTRES (Guestid, Resid) values (32, 57);
insert into GUESTRES (Guestid, Resid) values (66, 17);
insert into GUESTRES (Guestid, Resid) values (19, 38);
insert into GUESTRES (Guestid, Resid) values (52, 69);
insert into GUESTRES (Guestid, Resid) values (64, 13);
insert into GUESTRES (Guestid, Resid) values (12, 22);
insert into GUESTRES (Guestid, Resid) values (53, 70);
insert into GUESTRES (Guestid, Resid) values (70, 12);
insert into GUESTRES (Guestid, Resid) values (67, 2);
insert into GUESTRES (Guestid, Resid) values (27, 18);
insert into GUESTRES (Guestid, Resid) values (80, 66);
insert into GUESTRES (Guestid, Resid) values (24, 26);
insert into GUESTRES (Guestid, Resid) values (1, 19);
insert into GUESTRES (Guestid, Resid) values (30, 15);
insert into GUESTRES (Guestid, Resid) values (22, 33);
insert into GUESTRES (Guestid, Resid) values (31, 1);
insert into GUESTRES (Guestid, Resid) values (79, 58);
insert into GUESTRES (Guestid, Resid) values (75, 22);
insert into GUESTRES (Guestid, Resid) values (15, 22);
insert into GUESTRES (Guestid, Resid) values (27, 51);
insert into GUESTRES (Guestid, Resid) values (3, 60);
insert into GUESTRES (Guestid, Resid) values (27, 35);
insert into GUESTRES (Guestid, Resid) values (75, 49);
insert into GUESTRES (Guestid, Resid) values (44, 43);
insert into GUESTRES (Guestid, Resid) values (16, 46);
insert into GUESTRES (Guestid, Resid) values (3, 56);
insert into GUESTRES (Guestid, Resid) values (65, 68);
insert into GUESTRES (Guestid, Resid) values (27, 31);
insert into GUESTRES (Guestid, Resid) values (12, 42);
insert into GUESTRES (Guestid, Resid) values (51, 41);
insert into GUESTRES (Guestid, Resid) values (1, 58);
insert into GUESTRES (Guestid, Resid) values (24, 23);
insert into GUESTRES (Guestid, Resid) values (66, 78);
insert into GUESTRES (Guestid, Resid) values (77, 55);
insert into GUESTRES (Guestid, Resid) values (55, 27);
insert into GUESTRES (Guestid, Resid) values (25, 30);
insert into GUESTRES (Guestid, Resid) values (64, 64);
insert into GUESTRES (Guestid, Resid) values (73, 67);
insert into GUESTRES (Guestid, Resid) values (5, 39);
insert into GUESTRES (Guestid, Resid) values (37, 45);
insert into GUESTRES (Guestid, Resid) values (29, 67);
insert into GUESTRES (Guestid, Resid) values (12, 41);
insert into GUESTRES (Guestid, Resid) values (21, 67);
insert into GUESTRES (Guestid, Resid) values (64, 64);
insert into GUESTRES (Guestid, Resid) values (15, 34);
insert into GUESTRES (Guestid, Resid) values (14, 22);
insert into GUESTRES (Guestid, Resid) values (47, 19);
insert into GUESTRES (Guestid, Resid) values (10, 41);
insert into GUESTRES (Guestid, Resid) values (6, 31);
insert into GUESTRES (Guestid, Resid) values (44, 44);
insert into GUESTRES (Guestid, Resid) values (50, 21);
insert into GUESTRES (Guestid, Resid) values (37, 62);
insert into GUESTRES (Guestid, Resid) values (36, 44);
insert into GUESTRES (Guestid, Resid) values (48, 60);
insert into GUESTRES (Guestid, Resid) values (51, 66);
insert into GUESTRES (Guestid, Resid) values (8, 14);
insert into GUESTRES (Guestid, Resid) values (43, 27);
insert into GUESTRES (Guestid, Resid) values (64, 69);
insert into GUESTRES (Guestid, Resid) values (37, 49);
insert into GUESTRES (Guestid, Resid) values (49, 77);
insert into GUESTRES (Guestid, Resid) values (49, 73);
insert into GUESTRES (Guestid, Resid) values (24, 23);
insert into GUESTRES (Guestid, Resid) values (35, 66);
insert into GUESTRES (Guestid, Resid) values (8, 49);


insert into ADDONS (AddOnid, AddOnDesc, AddOnPrice) values (1, 'id lobortis convallis tortor', 38186.86);
insert into ADDONS (AddOnid, AddOnDesc, AddOnPrice) values (2, 'porta', 16777.73);
insert into ADDONS (AddOnid, AddOnDesc, AddOnPrice) values (3, 'ut tellus nulla', 14675.21);
insert into ADDONS (AddOnid, AddOnDesc, AddOnPrice) values (4, 'id consequat in consequat', 6709.53);
insert into ADDONS (AddOnid, AddOnDesc, AddOnPrice) values (5, 'mollis molestie', 27610.49);
insert into ADDONS (AddOnid, AddOnDesc, AddOnPrice) values (6, 'consequat varius integer ac', 35143.72);
insert into ADDONS (AddOnid, AddOnDesc, AddOnPrice) values (7, 'morbi porttitor lorem id', 19201.07);
insert into ADDONS (AddOnid, AddOnDesc, AddOnPrice) values (8, 'integer tincidunt', 47710.95);
insert into ADDONS (AddOnid, AddOnDesc, AddOnPrice) values (9, 'nulla facilisi', 2558.9);
insert into ADDONS (AddOnid, AddOnDesc, AddOnPrice) values (10, 'sagittis', 40429.61);
insert into ADDONS (AddOnid, AddOnDesc, AddOnPrice) values (11, 'nulla nunc purus', 36460.1);
insert into ADDONS (AddOnid, AddOnDesc, AddOnPrice) values (12, 'nulla', 26527.19);
insert into ADDONS (AddOnid, AddOnDesc, AddOnPrice) values (13, 'id lobortis convallis', 42616.55);
insert into ADDONS (AddOnid, AddOnDesc, AddOnPrice) values (14, 'vestibulum', 3448.49);
insert into ADDONS (AddOnid, AddOnDesc, AddOnPrice) values (15, 'convallis', 2030.02);
insert into ADDONS (AddOnid, AddOnDesc, AddOnPrice) values (16, 'sapien quis', 30471.74);
insert into ADDONS (AddOnid, AddOnDesc, AddOnPrice) values (17, 'accumsan tortor quis turpis', 3475.95);
insert into ADDONS (AddOnid, AddOnDesc, AddOnPrice) values (18, 'vel accumsan tellus nisi', 689.99);
insert into ADDONS (AddOnid, AddOnDesc, AddOnPrice) values (19, 'parturient montes nascetur', 24515.1);
insert into ADDONS (AddOnid, AddOnDesc, AddOnPrice) values (20, 'lorem', 39152.34);
insert into ADDONS (AddOnid, AddOnDesc, AddOnPrice) values (21, 'volutpat sapien', 19040.59);
insert into ADDONS (AddOnid, AddOnDesc, AddOnPrice) values (22, 'lobortis convallis tortor risus', 1287.45);
insert into ADDONS (AddOnid, AddOnDesc, AddOnPrice) values (23, 'blandit nam nulla', 36542.98);
insert into ADDONS (AddOnid, AddOnDesc, AddOnPrice) values (24, 'ipsum dolor sit amet', 31530.87);
insert into ADDONS (AddOnid, AddOnDesc, AddOnPrice) values (25, 'vitae', 40751.66);
insert into ADDONS (AddOnid, AddOnDesc, AddOnPrice) values (26, 'eu', 37145.21);
insert into ADDONS (AddOnid, AddOnDesc, AddOnPrice) values (27, 'donec semper', 20195.9);
insert into ADDONS (AddOnid, AddOnDesc, AddOnPrice) values (28, 'in faucibus orci luctus', 10191.16);
insert into ADDONS (AddOnid, AddOnDesc, AddOnPrice) values (29, 'eleifend luctus ultricies', 32363.23);
insert into ADDONS (AddOnid, AddOnDesc, AddOnPrice) values (30, 'gravida sem praesent', null);
insert into ADDONS (AddOnid, AddOnDesc, AddOnPrice) values (31, 'pede ac diam', 18851.55);
insert into ADDONS (AddOnid, AddOnDesc, AddOnPrice) values (32, 'ultrices posuere', 8645.23);
insert into ADDONS (AddOnid, AddOnDesc, AddOnPrice) values (33, 'potenti in', 16443.56);
insert into ADDONS (AddOnid, AddOnDesc, AddOnPrice) values (34, 'integer aliquet massa id', 11332.44);
insert into ADDONS (AddOnid, AddOnDesc, AddOnPrice) values (35, 'elit', 1439.09);
insert into ADDONS (AddOnid, AddOnDesc, AddOnPrice) values (36, 'sagittis dui vel', 27852.05);
insert into ADDONS (AddOnid, AddOnDesc, AddOnPrice) values (37, 'venenatis', 4233.37);
insert into ADDONS (AddOnid, AddOnDesc, AddOnPrice) values (38, 'semper', 14350.78);
insert into ADDONS (AddOnid, AddOnDesc, AddOnPrice) values (39, 'magna ac consequat metus', 36155.94);
insert into ADDONS (AddOnid, AddOnDesc, AddOnPrice) values (40, 'dui maecenas', 14349.71);
insert into ADDONS (AddOnid, AddOnDesc, AddOnPrice) values (41, 'pellentesque at nulla', 47343.2);
insert into ADDONS (AddOnid, AddOnDesc, AddOnPrice) values (42, 'at', 28989.58);
insert into ADDONS (AddOnid, AddOnDesc, AddOnPrice) values (43, 'odio', 11677.54);
insert into ADDONS (AddOnid, AddOnDesc, AddOnPrice) values (44, 'potenti', 10067.86);
insert into ADDONS (AddOnid, AddOnDesc, AddOnPrice) values (45, 'in', 19562.9);
insert into ADDONS (AddOnid, AddOnDesc, AddOnPrice) values (46, 'diam', 6124.24);
insert into ADDONS (AddOnid, AddOnDesc, AddOnPrice) values (47, 'justo', 48964.52);
insert into ADDONS (AddOnid, AddOnDesc, AddOnPrice) values (48, 'morbi', 17709.75);
insert into ADDONS (AddOnid, AddOnDesc, AddOnPrice) values (49, 'duis', 40995.66);
insert into ADDONS (AddOnid, AddOnDesc, AddOnPrice) values (50, 'lacinia aenean sit', null);
insert into ADDONS (AddOnid, AddOnDesc, AddOnPrice) values (51, 'nulla ultrices aliquet maecenas', 26067.77);
insert into ADDONS (AddOnid, AddOnDesc, AddOnPrice) values (52, 'nec nisi', 44210.32);
insert into ADDONS (AddOnid, AddOnDesc, AddOnPrice) values (53, 'lobortis vel', 35703.27);
insert into ADDONS (AddOnid, AddOnDesc, AddOnPrice) values (54, 'consequat metus', 25897.99);
insert into ADDONS (AddOnid, AddOnDesc, AddOnPrice) values (55, 'elementum pellentesque quisque porta', 3549.97);
insert into ADDONS (AddOnid, AddOnDesc, AddOnPrice) values (56, 'lobortis', 26401.83);
insert into ADDONS (AddOnid, AddOnDesc, AddOnPrice) values (57, 'sollicitudin vitae consectetuer eget', 19039.31);
insert into ADDONS (AddOnid, AddOnDesc, AddOnPrice) values (58, 'urna ut tellus', 48335.11);
insert into ADDONS (AddOnid, AddOnDesc, AddOnPrice) values (59, 'turpis', 44508.14);
insert into ADDONS (AddOnid, AddOnDesc, AddOnPrice) values (60, 'vel est donec odio', 25004.92);
insert into ADDONS (AddOnid, AddOnDesc, AddOnPrice) values (61, 'velit', 18935.92);
insert into ADDONS (AddOnid, AddOnDesc, AddOnPrice) values (62, 'lectus', 24644.47);
insert into ADDONS (AddOnid, AddOnDesc, AddOnPrice) values (63, 'eget elit', 2695.96);
insert into ADDONS (AddOnid, AddOnDesc, AddOnPrice) values (64, 'orci', 40470.93);
insert into ADDONS (AddOnid, AddOnDesc, AddOnPrice) values (65, 'convallis morbi odio', 13646.9);
insert into ADDONS (AddOnid, AddOnDesc, AddOnPrice) values (66, 'dictumst maecenas ut massa', 41920.51);
insert into ADDONS (AddOnid, AddOnDesc, AddOnPrice) values (67, 'est et', 26250.37);
insert into ADDONS (AddOnid, AddOnDesc, AddOnPrice) values (68, 'eleifend luctus ultricies', null);
insert into ADDONS (AddOnid, AddOnDesc, AddOnPrice) values (69, 'consequat', 22518.63);
insert into ADDONS (AddOnid, AddOnDesc, AddOnPrice) values (70, 'turpis eget elit sodales', 31183.43);
insert into ADDONS (AddOnid, AddOnDesc, AddOnPrice) values (71, 'lacinia', 31857.28);
insert into ADDONS (AddOnid, AddOnDesc, AddOnPrice) values (72, 'lorem', null);
insert into ADDONS (AddOnid, AddOnDesc, AddOnPrice) values (73, 'vivamus in', 17452.49);
insert into ADDONS (AddOnid, AddOnDesc, AddOnPrice) values (74, 'ultrices libero non mattis', null);
insert into ADDONS (AddOnid, AddOnDesc, AddOnPrice) values (75, 'dictumst morbi', 44450.07);
insert into ADDONS (AddOnid, AddOnDesc, AddOnPrice) values (76, 'lobortis', 29553.23);
insert into ADDONS (AddOnid, AddOnDesc, AddOnPrice) values (77, 'mollis', 26734.16);
insert into ADDONS (AddOnid, AddOnDesc, AddOnPrice) values (78, 'aenean', 41016.33);
insert into ADDONS (AddOnid, AddOnDesc, AddOnPrice) values (79, 'habitasse platea', 16089.32);
insert into ADDONS (AddOnid, AddOnDesc, AddOnPrice) values (80, 'ullamcorper augue a suscipit', 18076.66);


insert into BILLS (Billid, Resid, Taxrate, Total) values (1, 10, 11.99, 2108.19);
insert into BILLS (Billid, Resid, Taxrate, Total) values (2, 59, 8.23, 1551.9);
insert into BILLS (Billid, Resid, Taxrate, Total) values (3, 58, 19.94, 1768.07);
insert into BILLS (Billid, Resid, Taxrate, Total) values (4, 66, 13.84, 767.63);
insert into BILLS (Billid, Resid, Taxrate, Total) values (5, 17, 22.32, 978.21);
insert into BILLS (Billid, Resid, Taxrate, Total) values (6, 68, 14.33, 2709.29);
insert into BILLS (Billid, Resid, Taxrate, Total) values (7, 45, 22.28, 2871.34);
insert into BILLS (Billid, Resid, Taxrate, Total) values (8, 22, 13.96, 700.88);
insert into BILLS (Billid, Resid, Taxrate, Total) values (9, 63, 14.04, 1824.02);
insert into BILLS (Billid, Resid, Taxrate, Total) values (10, 38, 7.16, 460.61);
insert into BILLS (Billid, Resid, Taxrate, Total) values (11, 49, 17.42, 846.57);
insert into BILLS (Billid, Resid, Taxrate, Total) values (12, 75, 19.64, 236.43);
insert into BILLS (Billid, Resid, Taxrate, Total) values (13, 5, 16.94, 2248.17);
insert into BILLS (Billid, Resid, Taxrate, Total) values (14, 68, 0.79, 1789.11);
insert into BILLS (Billid, Resid, Taxrate, Total) values (15, 50, 8.29, 2735.49);
insert into BILLS (Billid, Resid, Taxrate, Total) values (16, 41, 11.47, 1161.33);
insert into BILLS (Billid, Resid, Taxrate, Total) values (17, 51, 10.15, 1029.41);
insert into BILLS (Billid, Resid, Taxrate, Total) values (18, 1, 14.38, 2144.32);
insert into BILLS (Billid, Resid, Taxrate, Total) values (19, 34, 13.87, 1223.9);
insert into BILLS (Billid, Resid, Taxrate, Total) values (20, 52, 4.76, 1141.11);
insert into BILLS (Billid, Resid, Taxrate, Total) values (21, 38, 10.87, 849.28);
insert into BILLS (Billid, Resid, Taxrate, Total) values (22, 48, 2.23, 467.62);
insert into BILLS (Billid, Resid, Taxrate, Total) values (23, 31, 4.16, 1275.32);
insert into BILLS (Billid, Resid, Taxrate, Total) values (24, 12, 20.82, 225.66);
insert into BILLS (Billid, Resid, Taxrate, Total) values (25, 74, 8.92, 665.72);
insert into BILLS (Billid, Resid, Taxrate, Total) values (26, 12, 2.91, 521.51);
insert into BILLS (Billid, Resid, Taxrate, Total) values (27, 66, 3.33, 1416.62);
insert into BILLS (Billid, Resid, Taxrate, Total) values (28, 57, 17.46, 2574.12);
insert into BILLS (Billid, Resid, Taxrate, Total) values (29, 18, 11.69, 356.8);
insert into BILLS (Billid, Resid, Taxrate, Total) values (30, 55, 10.13, 718.53);
insert into BILLS (Billid, Resid, Taxrate, Total) values (31, 53, 12.59, 1411.49);
insert into BILLS (Billid, Resid, Taxrate, Total) values (32, 27, 7.19, 2995.04);
insert into BILLS (Billid, Resid, Taxrate, Total) values (33, 75, 6.92, 876.32);
insert into BILLS (Billid, Resid, Taxrate, Total) values (34, 11, 0.66, 576.91);
insert into BILLS (Billid, Resid, Taxrate, Total) values (35, 71, 20.07, 1366.66);
insert into BILLS (Billid, Resid, Taxrate, Total) values (36, 22, 7.73, 1171.9);
insert into BILLS (Billid, Resid, Taxrate, Total) values (37, 3, 10.46, 858.58);
insert into BILLS (Billid, Resid, Taxrate, Total) values (38, 45, 19.1, 412.56);
insert into BILLS (Billid, Resid, Taxrate, Total) values (39, 5, 5.81, 912.62);
insert into BILLS (Billid, Resid, Taxrate, Total) values (40, 76, 15.85, 375.48);
insert into BILLS (Billid, Resid, Taxrate, Total) values (41, 29, 18.55, 2472.48);
insert into BILLS (Billid, Resid, Taxrate, Total) values (42, 51, 9.26, 955.19);
insert into BILLS (Billid, Resid, Taxrate, Total) values (43, 69, 6.75, 845.55);
insert into BILLS (Billid, Resid, Taxrate, Total) values (44, 76, 3.49, 261.3);
insert into BILLS (Billid, Resid, Taxrate, Total) values (45, 29, 0.56, 2166.81);
insert into BILLS (Billid, Resid, Taxrate, Total) values (46, 72, 21.78, 2816.56);
insert into BILLS (Billid, Resid, Taxrate, Total) values (47, 2, 15.24, 854.24);
insert into BILLS (Billid, Resid, Taxrate, Total) values (48, 20, 14.02, 2592.48);
insert into BILLS (Billid, Resid, Taxrate, Total) values (49, 3, 18.92, 1747.33);
insert into BILLS (Billid, Resid, Taxrate, Total) values (50, 37, 14.65, 1900.79);
insert into BILLS (Billid, Resid, Taxrate, Total) values (51, 59, 6.81, 2099.83);
insert into BILLS (Billid, Resid, Taxrate, Total) values (52, 36, 15.33, 482.9);
insert into BILLS (Billid, Resid, Taxrate, Total) values (53, 72, 18.83, 278.12);
insert into BILLS (Billid, Resid, Taxrate, Total) values (54, 72, 21.95, 1583.78);
insert into BILLS (Billid, Resid, Taxrate, Total) values (55, 16, 4.65, 493.02);
insert into BILLS (Billid, Resid, Taxrate, Total) values (56, 39, 0.45, 2845.35);
insert into BILLS (Billid, Resid, Taxrate, Total) values (57, 20, 3.7, 2695.82);
insert into BILLS (Billid, Resid, Taxrate, Total) values (58, 54, 15.03, 1133.8);
insert into BILLS (Billid, Resid, Taxrate, Total) values (59, 31, 17.91, 257.97);
insert into BILLS (Billid, Resid, Taxrate, Total) values (60, 4, 17.24, 2477.58);
insert into BILLS (Billid, Resid, Taxrate, Total) values (61, 9, 6.79, 2630.23);
insert into BILLS (Billid, Resid, Taxrate, Total) values (62, 48, 19.29, 811.44);
insert into BILLS (Billid, Resid, Taxrate, Total) values (63, 13, 5.96, 768.7);
insert into BILLS (Billid, Resid, Taxrate, Total) values (64, 7, 21.16, 1807.81);
insert into BILLS (Billid, Resid, Taxrate, Total) values (65, 39, 11.63, 1984.54);
insert into BILLS (Billid, Resid, Taxrate, Total) values (66, 25, 15.01, 2106.03);
insert into BILLS (Billid, Resid, Taxrate, Total) values (67, 17, 17.2, 298.54);
insert into BILLS (Billid, Resid, Taxrate, Total) values (68, 69, 16.68, 1538.28);
insert into BILLS (Billid, Resid, Taxrate, Total) values (69, 28, 1.12, 2547.55);
insert into BILLS (Billid, Resid, Taxrate, Total) values (70, 25, 2.31, 452.7);
insert into BILLS (Billid, Resid, Taxrate, Total) values (71, 29, 9.53, 1108.67);
insert into BILLS (Billid, Resid, Taxrate, Total) values (72, 27, 10.29, 2506.12);
insert into BILLS (Billid, Resid, Taxrate, Total) values (73, 2, 12.52, 1569.31);
insert into BILLS (Billid, Resid, Taxrate, Total) values (74, 63, 13.51, 1240.22);
insert into BILLS (Billid, Resid, Taxrate, Total) values (75, 4, 0.06, 2542.93);
insert into BILLS (Billid, Resid, Taxrate, Total) values (76, 65, 1.12, 2421.73);
insert into BILLS (Billid, Resid, Taxrate, Total) values (77, 70, 20.33, 1000.12);
insert into BILLS (Billid, Resid, Taxrate, Total) values (78, 12, 13.52, 2402.8);
insert into BILLS (Billid, Resid, Taxrate, Total) values (79, 38, 0.37, 1149.82);
insert into BILLS (Billid, Resid, Taxrate, Total) values (80, 36, 11.94, 633.59);
